{"m_DefineSymbols":{"m_Value":[{"first":1,"second":"CROSS_PLATFORM_INPUT;UNITY_POST_PROCESSING_STACK_V2"},{"first":2,"second":"CROSS_PLATFORM_INPUT"},{"first":4,"second":"CROSS_PLATFORM_INPUT;MOBILE_INPUT;UNITY_POST_PROCESSING_STACK_V2"},{"first":7,"second":"CROSS_PLATFORM_INPUT;MOBILE_INPUT;UNITY_POST_PROCESSING_STACK_V2"},{"first":13,"second":"UNITY_POST_PROCESSING_STACK_V2"},{"first":14,"second":"MOBILE_INPUT;UNITY_POST_PROCESSING_STACK_V2"},{"first":15,"second":"CROSS_PLATFORM_INPUT;MOBILE_INPUT"},{"first":16,"second":"CROSS_PLATFORM_INPUT;MOBILE_INPUT"},{"first":17,"second":"MOBILE_INPUT"},{"first":18,"second":"UNITY_POST_PROCESSING_STACK_V2"},{"first":19,"second":"UNITY_POST_PROCESSING_STACK_V2"},{"first":20,"second":"MOBILE_INPUT"},{"first":21,"second":"UNITY_POST_PROCESSING_STACK_V2"},{"first":23,"second":"UNITY_POST_PROCESSING_STACK_V2"},{"first":25,"second":"UNITY_POST_PROCESSING_STACK_V2"},{"first":26,"second":"UNITY_POST_PROCESSING_STACK_V2"},{"first":27,"second":"UNITY_POST_PROCESSING_STACK_V2"},{"first":28,"second":"UNITY_POST_PROCESSING_STACK_V2"},{"first":29,"second":"UNITY_POST_PROCESSING_STACK_V2"}],"m_Initialized":true},"m_AllowUnsafeCode":{"m_Value":false,"m_Initialized":true},"m_ScriptDebugInfoEnabled":{"m_Value":false,"m_Initialized":true}}